Workbook

Sheet Config Impresion
B2: LIBRA — Configuración de impresión recomendada (bracket pylon)
B3: Material base: PETG (mejor balance accesible resistencia / imprimibilidad para carga cíclica)
B5: Parámetro | C5: Valor recomendado | D5: Motivo
B6: Material | C6: PETG | D6: Mejor adherencia entre capas que ABS/PLA; accesible en impresoras de escritorio
B7: Temp. nozzle | C7: 235–245 °C | D7: Rango típico PETG; hacia el extremo alto mejora fusión entre capas
B8: Temp. cama | C8: 80–85 °C | D8: Evita warping y mejora adhesión a la base
B9: Altura de capa | C9: 0.16 mm | D9: Capas finas → mejor fusión interlayer → menor penalización en Z
B10: Ancho de línea | C10: 0.42 mm (105% de boquilla 0.4 mm) | D10: Mejora compactación de cada cordón
B11: N° de paredes (perímetros) | C11: 4 | D11: En piezas chicas, las paredes cargan la mayor parte del esfuerzo — priorizar sobre infill
B12: Capas sólidas superior/inferior | C12: 6 | D12: Rigidiza la superficie y evita ver el patrón de infill
B13: Patrón de infill | C13: Gyroid | D13: Comportamiento más isotrópico y eficiente (exponente n,m más bajo) que grid/rectilinear
B14: % de infill | C14: 60% | D14: Balance entre resistencia y peso/tiempo; ver hoja Calculadora para otros valores
B15: Velocidad de impresión | C15: 40–50 mm/s | D15: Velocidad moderada mejora fusión entre capas, reduce stringing
B16: Ventilación (fan) | C16: 30–50% | D16: PETG no tolera enfriamiento agresivo; fan alto fragiliza la unión entre capas
B17: Orientación de impresión | C17: Eje de carga axial del pylon alineado con el plano XY (capas) | D17: Evita que la carga principal trabaje perpendicular a las capas (dirección Z, la más débil)
B20: Flujo de trabajo
B21: 1) Imprime con esta configuración (o la variante de infill que estés probando). 2) Anota en la hoja 'Calculadora Iteraciones' el peso estimado que da tu slicer para esa combinación exacta de paredes/infill/patrón, junto con el volumen del CAD. 3) La hoja calcula la densidad efectiva real y escala rigidez/resistencia con el modelo de sólidos celulares (Gibson-Ashby). 4) Copia los 5 valores de las columnas 'Para Ansys' directo a Engineering Data (Density, Young's Modulus, Poisson's Ratio, Yield Strength, Ultimate Strength).

Sheet Propiedades Base
B2: Propiedades base al 100% sólido (valores conservadores, dirección Z / interlayer)
B3: Editables en amarillo. Fuente: estimaciones conservadoras de literatura FDM, no datasheet certificado — para screening/comparación, no para reporte final.
B5: Material | C5: Densidad rho (g/cm3) | D5: E (GPa) | E5: Poisson | F5: Yield (MPa) | G5: Ultimate (MPa)
B6: PLA | C6: 1.24 | D6: 2.3 | E6: 0.36 | F6: 20 | G6: 28
B7: PETG | C7: 1.27 | D7: 1.8 | E7: 0.38 | F7: 22 | G7: 30
B8: ABS | C8: 1.04 | D8: 2 | E8: 0.35 | F8: 16 | G8: 20
B9: Nylon PA12 | C9: 1.02 | D9: 1.5 | E9: 0.39 | F9: 30 | G9: 40
B10: Nylon-CF (tipo Onyx) | C10: 1.2 | D10: 3 | E10: 0.35 | F10: 28 | G10: 38
B13: Nota: | C13: Estos valores representan el extremo débil (interlayer/Z) reportado en estudios de caracterización de FDM, usados a propósito para no sobreestimar resistencia. Reemplázalos por datos de datasheet o ensayo propio si el material final ya está definido.

Sheet Patrones Infill
B2: Exponentes de escalado por patrón de infill (modelo de sólidos celulares)
B3: E_efectiva = E_sólido x (rho_efectiva/rho_sólido)^n | Resistencia_efectiva = Resistencia_sólido x (rho_efectiva/rho_sólido)^m
B5: Patrón de infill | C5: n (rigidez) | D5: m (resistencia) | E5: Comentario
B6: Grid / Rectilinear | C6: 2 | D6: 1.5 | E6: Estructura tipo flexión — cae más rápido con la densidad
B7: Cubic | C7: 1.8 | D7: 1.4 | E7: Intermedio
B8: Triangular | C8: 1.6 | D8: 1.3 | E8: Más eficiente que grid, carga por tracción en las diagonales
B9: Gyroid | C9: 1.5 | D9: 1.3 | E9: El más isotrópico y eficiente de los comunes en slicers

Sheet Calculadora Iteraciones
B2: Calculadora por iteración — de config. de impresión a valores para Ansys
B3: Llena solo las columnas en amarillo. El resto se calcula solo. Una fila = una iteración de impresión.
B5: ENTRADAS (llenar) | H5: DENSIDAD EFECTIVA | K5: PROPIEDADES ESCALADAS | Q5: VALORES PARA ANSYS (Engineering Data)
B6: Iteración | C6: Material base | D6: Patrón infill | E6: Infill (%) | F6: Peso estimado slicer (g) | G6: Volumen CAD (cm3) | H6: rho_solido (g/cm3) | I6: rho_efectiva (g/cm3) | J6: rho_efectiva / rho_solido | K6: n | L6: m | M6: Poisson | N6: E_efectiva (GPa) | O6: Yield_efectiva (MPa) | P6: Ultimate_efectiva (MPa) | Q6: Densidad (kg/m3) | R6: Young's Modulus (Pa) | S6: Poisson's Ratio | T6: Yield Strength (Pa) | U6: Ultimate Strength (Pa)
B7: Iter 1 | C7: PETG | D7: Grid / Rectilinear | E7: 60 | F7: 179.91 | G7: 223.8 | H7: =IFERROR(INDEX('Propiedades Base'!$B$6:$G$10,MATCH(C7,'Propiedades Base'!$B$6:$B$10,0),2),"") -> 1.27 | I7: =IFERROR(IF(AND(F7<>"",G7<>"",G7<>0),F7/G7,IF(E7<>"",(E7/100)*H7,"")),"") -> 0.8038874 | J7: =IFERROR(I7/H7,"") -> 0.6329822 | K7: =IFERROR(INDEX('Patrones Infill'!$B$6:$D$9,MATCH(D7,'Patrones Infill'!$B$6:$B$9,0),2),"") -> 2 | L7: =IFERROR(INDEX('Patrones Infill'!$B$6:$D$9,MATCH(D7,'Patrones Infill'!$B$6:$B$9,0),3),"") -> 1.5 | M7: =IFERROR(INDEX('Propiedades Base'!$B$6:$G$10,MATCH(C7,'Propiedades Base'!$B$6:$B$10,0),4),"") -> 0.38 | N7: =IFERROR(IFERROR(INDEX('Propiedades Base'!$B$6:$G$10,MATCH(C7,'Propiedades Base'!$B$6:$B$10,0),3),"")*POWER(J7,K7),"") -> 0.72119965 | O7: =IFERROR(IFERROR(INDEX('Propiedades Base'!$B$6:$G$10,MATCH(C7,'Propiedades Base'!$B$6:$B$10,0),5),"")*POWER(J7,L7),"") -> 11.079239 | P7: =IFERROR(IFERROR(INDEX('Propiedades Base'!$B$6:$G$10,MATCH(C7,'Propiedades Base'!$B$6:$B$10,0),6),"")*POWER(J7,L7),"") -> 15.108053 | Q7: =IFERROR(I7*1000,"") -> 803.8874 | R7: =IFERROR(N7*1000000000,"") -> 7.2119965e+08 | S7: =IFERROR(M7,"") -> 0.38 | T7: =IFERROR(O7*1000000,"") -> 11079239 | U7: =IFERROR(P7*1000000,"") -> 15108053
B8: Iter 2 | H8: =IFERROR(INDEX('Propiedades Base'!$B$6:$G$10,MATCH(C8,'Propiedades Base'!$B$6:$B$10,0),2),"") | I8: =IFERROR(IF(AND(F8<>"",G8<>"",G8<>0),F8/G8,IF(E8<>"",(E8/100)*H8,"")),"") | J8: =IFERROR(I8/H8,"") | K8: =IFERROR(INDEX('Patrones Infill'!$B$6:$D$9,MATCH(D8,'Patrones Infill'!$B$6:$B$9,0),2),"") | L8: =IFERROR(INDEX('Patrones Infill'!$B$6:$D$9,MATCH(D8,'Patrones Infill'!$B$6:$B$9,0),3),"") | M8: =IFERROR(INDEX('Propiedades Base'!$B$6:$G$10,MATCH(C8,'Propiedades Base'!$B$6:$B$10,0),4),"") | N8: =IFERROR(IFERROR(INDEX('Propiedades Base'!$B$6:$G$10,MATCH(C8,'Propiedades Base'!$B$6:$B$10,0),3),"")*POWER(J8,K8),"") | O8: =IFERROR(IFERROR(INDEX('Propiedades Base'!$B$6:$G$10,MATCH(C8,'Propiedades Base'!$B$6:$B$10,0),5),"")*POWER(J8,L8),"") | P8: =IFERROR(IFERROR(INDEX('Propiedades Base'!$B$6:$G$10,MATCH(C8,'Propiedades Base'!$B$6:$B$10,0),6),"")*POWER(J8,L8),"") | Q8: =IFERROR(I8*1000,"") | R8: =IFERROR(N8*1000000000,"") | S8: =IFERROR(M8,"") | T8: =IFERROR(O8*1000000,"") | U8: =IFERROR(P8*1000000,"")
B9: Iter 3 | H9: =IFERROR(INDEX('Propiedades Base'!$B$6:$G$10,MATCH(C9,'Propiedades Base'!$B$6:$B$10,0),2),"") | I9: =IFERROR(IF(AND(F9<>"",G9<>"",G9<>0),F9/G9,IF(E9<>"",(E9/100)*H9,"")),"") | J9: =IFERROR(I9/H9,"") | K9: =IFERROR(INDEX('Patrones Infill'!$B$6:$D$9,MATCH(D9,'Patrones Infill'!$B$6:$B$9,0),2),"") | L9: =IFERROR(INDEX('Patrones Infill'!$B$6:$D$9,MATCH(D9,'Patrones Infill'!$B$6:$B$9,0),3),"") | M9: =IFERROR(INDEX('Propiedades Base'!$B$6:$G$10,MATCH(C9,'Propiedades Base'!$B$6:$B$10,0),4),"") | N9: =IFERROR(IFERROR(INDEX('Propiedades Base'!$B$6:$G$10,MATCH(C9,'Propiedades Base'!$B$6:$B$10,0),3),"")*POWER(J9,K9),"") | O9: =IFERROR(IFERROR(INDEX('Propiedades Base'!$B$6:$G$10,MATCH(C9,'Propiedades Base'!$B$6:$B$10,0),5),"")*POWER(J9,L9),"") | P9: =IFERROR(IFERROR(INDEX('Propiedades Base'!$B$6:$G$10,MATCH(C9,'Propiedades Base'!$B$6:$B$10,0),6),"")*POWER(J9,L9),"") | Q9: =IFERROR(I9*1000,"") | R9: =IFERROR(N9*1000000000,"") | S9: =IFERROR(M9,"") | T9: =IFERROR(O9*1000000,"") | U9: =IFERROR(P9*1000000,"")
B10: Iter 4 | H10: =IFERROR(INDEX('Propiedades Base'!$B$6:$G$10,MATCH(C10,'Propiedades Base'!$B$6:$B$10,0),2),"") | I10: =IFERROR(IF(AND(F10<>"",G10<>"",G10<>0),F10/G10,IF(E10<>"",(E10/100)*H10,"")),"") | J10: =IFERROR(I10/H10,"") | K10: =IFERROR(INDEX('Patrones Infill'!$B$6:$D$9,MATCH(D10,'Patrones Infill'!$B$6:$B$9,0),2),"") | L10: =IFERROR(INDEX('Patrones Infill'!$B$6:$D$9,MATCH(D10,'Patrones Infill'!$B$6:$B$9,0),3),"") | M10: =IFERROR(INDEX('Propiedades Base'!$B$6:$G$10,MATCH(C10,'Propiedades Base'!$B$6:$B$10,0),4),"") | N10: =IFERROR(IFERROR(INDEX('Propiedades Base'!$B$6:$G$10,MATCH(C10,'Propiedades Base'!$B$6:$B$10,0),3),"")*POWER(J10,K10),"") | O10: =IFERROR(IFERROR(INDEX('Propiedades Base'!$B$6:$G$10,MATCH(C10,'Propiedades Base'!$B$6:$B$10,0),5),"")*POWER(J10,L10),"") | P10: =IFERROR(IFERROR(INDEX('Propiedades Base'!$B$6:$G$10,MATCH(C10,'Propiedades Base'!$B$6:$B$10,0),6),"")*POWER(J10,L10),"") | Q10: =IFERROR(I10*1000,"") | R10: =IFERROR(N10*1000000000,"") | S10: =IFERROR(M10,"") | T10: =IFERROR(O10*1000000,"") | U10: =IFERROR(P10*1000000,"")
B11: Iter 5 | H11: =IFERROR(INDEX('Propiedades Base'!$B$6:$G$10,MATCH(C11,'Propiedades Base'!$B$6:$B$10,0),2),"") | I11: =IFERROR(IF(AND(F11<>"",G11<>"",G11<>0),F11/G11,IF(E11<>"",(E11/100)*H11,"")),"") | J11: =IFERROR(I11/H11,"") | K11: =IFERROR(INDEX('Patrones Infill'!$B$6:$D$9,MATCH(D11,'Patrones Infill'!$B$6:$B$9,0),2),"") | L11: =IFERROR(INDEX('Patrones Infill'!$B$6:$D$9,MATCH(D11,'Patrones Infill'!$B$6:$B$9,0),3),"") | M11: =IFERROR(INDEX('Propiedades Base'!$B$6:$G$10,MATCH(C11,'Propiedades Base'!$B$6:$B$10,0),4),"") | N11: =IFERROR(IFERROR(INDEX('Propiedades Base'!$B$6:$G$10,MATCH(C11,'Propiedades Base'!$B$6:$B$10,0),3),"")*POWER(J11,K11),"") | O11: =IFERROR(IFERROR(INDEX('Propiedades Base'!$B$6:$G$10,MATCH(C11,'Propiedades Base'!$B$6:$B$10,0),5),"")*POWER(J11,L11),"") | P11: =IFERROR(IFERROR(INDEX('Propiedades Base'!$B$6:$G$10,MATCH(C11,'Propiedades Base'!$B$6:$B$10,0),6),"")*POWER(J11,L11),"") | Q11: =IFERROR(I11*1000,"") | R11: =IFERROR(N11*1000000000,"") | S11: =IFERROR(M11,"") | T11: =IFERROR(O11*1000000,"") | U11: =IFERROR(P11*1000000,"")
B12: Iter 6 | H12: =IFERROR(INDEX('Propiedades Base'!$B$6:$G$10,MATCH(C12,'Propiedades Base'!$B$6:$B$10,0),2),"") | I12: =IFERROR(IF(AND(F12<>"",G12<>"",G12<>0),F12/G12,IF(E12<>"",(E12/100)*H12,"")),"") | J12: =IFERROR(I12/H12,"") | K12: =IFERROR(INDEX('Patrones Infill'!$B$6:$D$9,MATCH(D12,'Patrones Infill'!$B$6:$B$9,0),2),"") | L12: =IFERROR(INDEX('Patrones Infill'!$B$6:$D$9,MATCH(D12,'Patrones Infill'!$B$6:$B$9,0),3),"") | M12: =IFERROR(INDEX('Propiedades Base'!$B$6:$G$10,MATCH(C12,'Propiedades Base'!$B$6:$B$10,0),4),"") | N12: =IFERROR(IFERROR(INDEX('Propiedades Base'!$B$6:$G$10,MATCH(C12,'Propiedades Base'!$B$6:$B$10,0),3),"")*POWER(J12,K12),"") | O12: =IFERROR(IFERROR(INDEX('Propiedades Base'!$B$6:$G$10,MATCH(C12,'Propiedades Base'!$B$6:$B$10,0),5),"")*POWER(J12,L12),"") | P12: =IFERROR(IFERROR(INDEX('Propiedades Base'!$B$6:$G$10,MATCH(C12,'Propiedades Base'!$B$6:$B$10,0),6),"")*POWER(J12,L12),"") | Q12: =IFERROR(I12*1000,"") | R12: =IFERROR(N12*1000000000,"") | S12: =IFERROR(M12,"") | T12: =IFERROR(O12*1000000,"") | U12: =IFERROR(P12*1000000,"")
B13: Iter 7 | H13: =IFERROR(INDEX('Propiedades Base'!$B$6:$G$10,MATCH(C13,'Propiedades Base'!$B$6:$B$10,0),2),"") | I13: =IFERROR(IF(AND(F13<>"",G13<>"",G13<>0),F13/G13,IF(E13<>"",(E13/100)*H13,"")),"") | J13: =IFERROR(I13/H13,"") | K13: =IFERROR(INDEX('Patrones Infill'!$B$6:$D$9,MATCH(D13,'Patrones Infill'!$B$6:$B$9,0),2),"") | L13: =IFERROR(INDEX('Patrones Infill'!$B$6:$D$9,MATCH(D13,'Patrones Infill'!$B$6:$B$9,0),3),"") | M13: =IFERROR(INDEX('Propiedades Base'!$B$6:$G$10,MATCH(C13,'Propiedades Base'!$B$6:$B$10,0),4),"") | N13: =IFERROR(IFERROR(INDEX('Propiedades Base'!$B$6:$G$10,MATCH(C13,'Propiedades Base'!$B$6:$B$10,0),3),"")*POWER(J13,K13),"") | O13: =IFERROR(IFERROR(INDEX('Propiedades Base'!$B$6:$G$10,MATCH(C13,'Propiedades Base'!$B$6:$B$10,0),5),"")*POWER(J13,L13),"") | P13: =IFERROR(IFERROR(INDEX('Propiedades Base'!$B$6:$G$10,MATCH(C13,'Propiedades Base'!$B$6:$B$10,0),6),"")*POWER(J13,L13),"") | Q13: =IFERROR(I13*1000,"") | R13: =IFERROR(N13*1000000000,"") | S13: =IFERROR(M13,"") | T13: =IFERROR(O13*1000000,"") | U13: =IFERROR(P13*1000000,"")
B14: Iter 8 | H14: =IFERROR(INDEX('Propiedades Base'!$B$6:$G$10,MATCH(C14,'Propiedades Base'!$B$6:$B$10,0),2),"") | I14: =IFERROR(IF(AND(F14<>"",G14<>"",G14<>0),F14/G14,IF(E14<>"",(E14/100)*H14,"")),"") | J14: =IFERROR(I14/H14,"") | K14: =IFERROR(INDEX('Patrones Infill'!$B$6:$D$9,MATCH(D14,'Patrones Infill'!$B$6:$B$9,0),2),"") | L14: =IFERROR(INDEX('Patrones Infill'!$B$6:$D$9,MATCH(D14,'Patrones Infill'!$B$6:$B$9,0),3),"") | M14: =IFERROR(INDEX('Propiedades Base'!$B$6:$G$10,MATCH(C14,'Propiedades Base'!$B$6:$B$10,0),4),"") | N14: =IFERROR(IFERROR(INDEX('Propiedades Base'!$B$6:$G$10,MATCH(C14,'Propiedades Base'!$B$6:$B$10,0),3),"")*POWER(J14,K14),"") | O14: =IFERROR(IFERROR(INDEX('Propiedades Base'!$B$6:$G$10,MATCH(C14,'Propiedades Base'!$B$6:$B$10,0),5),"")*POWER(J14,L14),"") | P14: =IFERROR(IFERROR(INDEX('Propiedades Base'!$B$6:$G$10,MATCH(C14,'Propiedades Base'!$B$6:$B$10,0),6),"")*POWER(J14,L14),"") | Q14: =IFERROR(I14*1000,"") | R14: =IFERROR(N14*1000000000,"") | S14: =IFERROR(M14,"") | T14: =IFERROR(O14*1000000,"") | U14: =IFERROR(P14*1000000,"")
B15: Iter 9 | H15: =IFERROR(INDEX('Propiedades Base'!$B$6:$G$10,MATCH(C15,'Propiedades Base'!$B$6:$B$10,0),2),"") | I15: =IFERROR(IF(AND(F15<>"",G15<>"",G15<>0),F15/G15,IF(E15<>"",(E15/100)*H15,"")),"") | J15: =IFERROR(I15/H15,"") | K15: =IFERROR(INDEX('Patrones Infill'!$B$6:$D$9,MATCH(D15,'Patrones Infill'!$B$6:$B$9,0),2),"") | L15: =IFERROR(INDEX('Patrones Infill'!$B$6:$D$9,MATCH(D15,'Patrones Infill'!$B$6:$B$9,0),3),"") | M15: =IFERROR(INDEX('Propiedades Base'!$B$6:$G$10,MATCH(C15,'Propiedades Base'!$B$6:$B$10,0),4),"") | N15: =IFERROR(IFERROR(INDEX('Propiedades Base'!$B$6:$G$10,MATCH(C15,'Propiedades Base'!$B$6:$B$10,0),3),"")*POWER(J15,K15),"") | O15: =IFERROR(IFERROR(INDEX('Propiedades Base'!$B$6:$G$10,MATCH(C15,'Propiedades Base'!$B$6:$B$10,0),5),"")*POWER(J15,L15),"") | P15: =IFERROR(IFERROR(INDEX('Propiedades Base'!$B$6:$G$10,MATCH(C15,'Propiedades Base'!$B$6:$B$10,0),6),"")*POWER(J15,L15),"") | Q15: =IFERROR(I15*1000,"") | R15: =IFERROR(N15*1000000000,"") | S15: =IFERROR(M15,"") | T15: =IFERROR(O15*1000000,"") | U15: =IFERROR(P15*1000000,"")
B16: Iter 10 | H16: =IFERROR(INDEX('Propiedades Base'!$B$6:$G$10,MATCH(C16,'Propiedades Base'!$B$6:$B$10,0),2),"") | I16: =IFERROR(IF(AND(F16<>"",G16<>"",G16<>0),F16/G16,IF(E16<>"",(E16/100)*H16,"")),"") | J16: =IFERROR(I16/H16,"") | K16: =IFERROR(INDEX('Patrones Infill'!$B$6:$D$9,MATCH(D16,'Patrones Infill'!$B$6:$B$9,0),2),"") | L16: =IFERROR(INDEX('Patrones Infill'!$B$6:$D$9,MATCH(D16,'Patrones Infill'!$B$6:$B$9,0),3),"") | M16: =IFERROR(INDEX('Propiedades Base'!$B$6:$G$10,MATCH(C16,'Propiedades Base'!$B$6:$B$10,0),4),"") | N16: =IFERROR(IFERROR(INDEX('Propiedades Base'!$B$6:$G$10,MATCH(C16,'Propiedades Base'!$B$6:$B$10,0),3),"")*POWER(J16,K16),"") | O16: =IFERROR(IFERROR(INDEX('Propiedades Base'!$B$6:$G$10,MATCH(C16,'Propiedades Base'!$B$6:$B$10,0),5),"")*POWER(J16,L16),"") | P16: =IFERROR(IFERROR(INDEX('Propiedades Base'!$B$6:$G$10,MATCH(C16,'Propiedades Base'!$B$6:$B$10,0),6),"")*POWER(J16,L16),"") | Q16: =IFERROR(I16*1000,"") | R16: =IFERROR(N16*1000000000,"") | S16: =IFERROR(M16,"") | T16: =IFERROR(O16*1000000,"") | U16: =IFERROR(P16*1000000,"")
B17: Iter 11 | H17: =IFERROR(INDEX('Propiedades Base'!$B$6:$G$10,MATCH(C17,'Propiedades Base'!$B$6:$B$10,0),2),"") | I17: =IFERROR(IF(AND(F17<>"",G17<>"",G17<>0),F17/G17,IF(E17<>"",(E17/100)*H17,"")),"") | J17: =IFERROR(I17/H17,"") | K17: =IFERROR(INDEX('Patrones Infill'!$B$6:$D$9,MATCH(D17,'Patrones Infill'!$B$6:$B$9,0),2),"") | L17: =IFERROR(INDEX('Patrones Infill'!$B$6:$D$9,MATCH(D17,'Patrones Infill'!$B$6:$B$9,0),3),"") | M17: =IFERROR(INDEX('Propiedades Base'!$B$6:$G$10,MATCH(C17,'Propiedades Base'!$B$6:$B$10,0),4),"") | N17: =IFERROR(IFERROR(INDEX('Propiedades Base'!$B$6:$G$10,MATCH(C17,'Propiedades Base'!$B$6:$B$10,0),3),"")*POWER(J17,K17),"") | O17: =IFERROR(IFERROR(INDEX('Propiedades Base'!$B$6:$G$10,MATCH(C17,'Propiedades Base'!$B$6:$B$10,0),5),"")*POWER(J17,L17),"") | P17: =IFERROR(IFERROR(INDEX('Propiedades Base'!$B$6:$G$10,MATCH(C17,'Propiedades Base'!$B$6:$B$10,0),6),"")*POWER(J17,L17),"") | Q17: =IFERROR(I17*1000,"") | R17: =IFERROR(N17*1000000000,"") | S17: =IFERROR(M17,"") | T17: =IFERROR(O17*1000000,"") | U17: =IFERROR(P17*1000000,"")
B18: Iter 12 | H18: =IFERROR(INDEX('Propiedades Base'!$B$6:$G$10,MATCH(C18,'Propiedades Base'!$B$6:$B$10,0),2),"") | I18: =IFERROR(IF(AND(F18<>"",G18<>"",G18<>0),F18/G18,IF(E18<>"",(E18/100)*H18,"")),"") | J18: =IFERROR(I18/H18,"") | K18: =IFERROR(INDEX('Patrones Infill'!$B$6:$D$9,MATCH(D18,'Patrones Infill'!$B$6:$B$9,0),2),"") | L18: =IFERROR(INDEX('Patrones Infill'!$B$6:$D$9,MATCH(D18,'Patrones Infill'!$B$6:$B$9,0),3),"") | M18: =IFERROR(INDEX('Propiedades Base'!$B$6:$G$10,MATCH(C18,'Propiedades Base'!$B$6:$B$10,0),4),"") | N18: =IFERROR(IFERROR(INDEX('Propiedades Base'!$B$6:$G$10,MATCH(C18,'Propiedades Base'!$B$6:$B$10,0),3),"")*POWER(J18,K18),"") | O18: =IFERROR(IFERROR(INDEX('Propiedades Base'!$B$6:$G$10,MATCH(C18,'Propiedades Base'!$B$6:$B$10,0),5),"")*POWER(J18,L18),"") | P18: =IFERROR(IFERROR(INDEX('Propiedades Base'!$B$6:$G$10,MATCH(C18,'Propiedades Base'!$B$6:$B$10,0),6),"")*POWER(J18,L18),"") | Q18: =IFERROR(I18*1000,"") | R18: =IFERROR(N18*1000000000,"") | S18: =IFERROR(M18,"") | T18: =IFERROR(O18*1000000,"") | U18: =IFERROR(P18*1000000,"")
B21: Cómo pasar a Ansys:
B22: En Engineering Data -> nuevo material -> Properties: agrega 'Density' (columna Q, kg/m3), 'Isotropic Elasticity' con Young's Modulus (columna R, Pa) y Poisson's Ratio (columna S), y 'Tensile Yield Strength' / 'Tensile Ultimate Strength' (columnas T y U, en Pa). Crea un material nuevo por fila/iteración para comparar el Safety Factor entre configuraciones de impresión.
